<atlassian-plugin key="${project.groupId}.${project.artifactId}" name="${project.artifactId}" plugins-version="2">
    <plugin-info>
        <description>${project.description}</description>
        <version>${project.version}</version>
        <vendor name="${project.organization.name}" url="${project.organization.url}" />

    </plugin-info>
    <gadget key="team" location="FilterTeam.xml"/>

    <resource type="i18n" location="i18n/i18n" name="i18n" />

    <rest key="fsoft-planned-time-rest-resources" path="/rest-fsoft-planned-time" version="1.0">
        <description>Provides the REST resource for the project list.</description>

    </rest>
    <web-resource key="gadgets-planned-time-resources" name="gadgets-planned-time Web Resources">
    <dependency>com.atlassian.auiplugin:ajs</dependency>
    <resource type="download" name="jscharts.js" location="/js/jscharts.js"/>
  </web-resource>
</atlassian-plugin>