<atlassian-plugin key="${project.groupId}.${project.artifactId}"
	name="${project.name}" plugins-version="2">
	<plugin-info>
		<description>${project.description}</description>
		<version>${project.version}</version>
		<vendor name="${project.organization.name}" url="${project.organization.url}" />
		<param name="plugin-icon">images/pluginIcon.png</param>
		<param name="plugin-logo">images/pluginLogo.png</param>
	</plugin-info>
	
	<rest key="fsoSubComponentRest" path="/fso-subcomponent-rest" version="1.0">
        <description>Provides the REST resource for application.</description>
        <!-- <package>vn.com.fsoft.subcomponent.rest</package>
        <package>vn.com.fsoft.subcomponent.rest.bean</package> -->
    </rest>

	<!-- add our i18n resource -->
	<resource type="i18n" name="label" location="i18n.label" />

	<!-- add our web resources -->
	<web-resource key="sample-resources" name="sample Web Resources">
		<dependency>com.atlassian.auiplugin:ajs</dependency>
		<dependency>com.atlassian.auiplugin:aui-experimental-restfultable</dependency>

		<resource type="download" name="SubComponent.css" location="/css/subComponent.css" />
        <resource type="download" name="textext.core.css" location="/css/textext.core.css" />
        <resource type="download" name="textext.plugin.arrow.css" location="/css/textext.plugin.arrow.css" />
        <resource type="download" name="textext.plugin.autocomplete.css" location="/css/textext.plugin.autocomplete.css" />
        <resource type="download" name="textext.plugin.clear.css" location="/css/textext.plugin.clear.css" />
        <resource type="download" name="textext.plugin.focus.css" location="/css/textext.plugin.focus.css" />
        <resource type="download" name="textext.plugin.prompt.css" location="/css/textext.plugin.prompt.css" />
        <resource type="download" name="textext.plugin.tags.css" location="/css/textext.plugin.tags.css" />

		<resource type="download" name="textext.core.js" location="/js/textext.core.js" />
        <resource type="download" name="textext.plugin.ajax.js" location="/js/textext.plugin.ajax.js" />
        <resource type="download" name="textext.plugin.arrow.js" location="/js/textext.plugin.arrow.js" />
        <resource type="download" name="textext.plugin.autocomplete.js" location="/js/textext.plugin.autocomplete.js" />
        <resource type="download" name="textext.plugin.clear.js" location="/js/textext.plugin.clear.js" />
        <resource type="download" name="textext.plugin.filter.js" location="/js/textext.plugin.filter.js" />
        <resource type="download" name="textext.plugin.focus.js" location="/js/textext.plugin.focus.js" />
        <resource type="download" name="textext.plugin.prompt.js" location="/js/textext.plugin.prompt.js" />
        <resource type="download" name="textext.plugin.suggestions.js" location="/js/textext.plugin.suggestions.js" />
        <resource type="download" name="textext.plugin.tags.js" location="/js/textext.plugin.tags.js" />
        <resource type="download" name="SubComponent.js" location="/js/subComponent.js" />

		<resource type="download" name="images/" location="/images" />

		<context>SubComponent</context>
		<context>jira.browse.project</context>
		<context>atl.general</context>
		<context>jira.view.issue</context>
		<context>jira.dashboard</context>
	</web-resource>

	<!-- import from the Atlassian product container -->
	<component-import key="permissionManager" name="Jira Permission Manager"
		interface="com.atlassian.jira.security.PermissionManager" />
	<component-import key="projectManager" name="Jira Project Manager"
		interface="com.atlassian.jira.project.ProjectManager" />
	<component-import key="userManager"
		interface="com.atlassian.sal.api.user.UserManager" />
	<component-import key="ao" name="Active Objects components"
		interface="com.atlassian.activeobjects.external.ActiveObjects" />
	<component-import key="issueManager" name="Issue Manager"
		interface="com.atlassian.jira.issue.IssueManager" />
	<component key="tx-processor" name="Transactional Annotation Processor"
		class="com.atlassian.activeobjects.external.TransactionalAnnotationProcessor">
		<decription>Processes @Transactional annotations.</decription>
	</component>
	<component-import key="applicationProperties"
		interface="com.atlassian.sal.api.ApplicationProperties" />

	<!-- customize component -->
	<component key="subComponentDAO" name="Sub-Component DAO"
		class="vn.com.fsoft.subcomponent.dao.impl.SubComponentDAOImpl">
	</component>
	<component key="subComponentService" name="Sub-Component Service"
		class="vn.com.fsoft.subcomponent.service.impl.SubComponentServiceImpl">
	</component>

	<!-- customize Entity module -->
	<ao key="ao-module" name="ActiveObject's Bean">
		<entity>vn.com.fsoft.subcomponent.bean.SubComponent</entity>
	</ao>
	
	<webwork1 key="fsosubsomponentaction" name="sub-components-module.name"
		i18n-name-key="sub-components-module.key" class="java.lang.Object">
		<description key="sub-components-module.description">The Sub-Component Webwork Module Plugin
		</description>
		<actions>
			<action name="vn.com.fsoft.subcomponent.action.SubComponentAction" alias="SubComponent">
				<view name="detail">/templates/subcomponent/subComponentDetails.vm</view>
				<command name="viewDetail" alias="viewDetail"/>
			</action>
		</actions>
	</webwork1>

	<project-tabpanel key="fsosubcomponentprojectpanel"
		name="sub-components-project-tab-panel.name" i18n-name-key="sub-components-project-tab-panel.name"
		class="vn.com.fsoft.subcomponent.projectpanel.SubComponentTabPanel">
		<desciption key="sub-components-project-tab-panel.description"></desciption>
		<label key="common.sub-components.label"></label>
		<resource type="velocity" name="view"
			location="templates/subcomponent/subComponents.vm" />
		<resource type="download" name="subComponent.js" location="/js/subComponent.js" />
		<param name="noTitle">false</param>
	</project-tabpanel>
</atlassian-plugin>